-- 1. Insert at least 20 records in STUDENT table.
INSERT INTO STUDENT (student_no, lastname, firstname, address, email_address, gender, birthday, course_code, status, cellno) VALUES 
(20234001, 'Dela Cruz', 'Juan', '123 Mabini St', 'juan.delacruz@example.com', 'M', TO_DATE('2001-01-15', 'YYYY-MM-DD'), 'BSCS', 'A', '09171234567');

INSERT INTO STUDENT (student_no, lastname, firstname, address, email_address, gender, birthday, course_code, status, cellno) VALUES 
(20234002, 'Reyes', 'Maria', '456 Bonifacio St', 'maria.reyes@example.com', 'F', TO_DATE('2000-06-25', 'YYYY-MM-DD'), 'BSIT', 'A', '09181234567');

INSERT INTO STUDENT (student_no, lastname, firstname, address, email_address, gender, birthday, course_code, status, cellno) VALUES 
(20234003, 'Santos', 'Jose', '789 Rizal St', 'jose.santos@example.com', 'M', TO_DATE('1999-09-13', 'YYYY-MM-DD'), 'BSN', 'A', '09191234567');

INSERT INTO STUDENT (student_no, lastname, firstname, address, email_address, gender, birthday, course_code, status, cellno) VALUES 
(20234004, 'Cruz', 'Ana', '101 Aguinaldo St', 'ana.cruz@example.com', 'F', TO_DATE('2001-03-17', 'YYYY-MM-DD'), 'BSACCTG', 'A', '09201234567');

INSERT INTO STUDENT (student_no, lastname, firstname, address, email_address, gender, birthday, course_code, status, cellno) VALUES 
(20234005, 'Bautista', 'Pedro', '202 Mabuhay St', 'pedro.bautista@example.com', 'M', TO_DATE('1998-12-20', 'YYYY-MM-DD'), 'BSECE', 'A', '09211234567');

INSERT INTO STUDENT (student_no, lastname, firstname, address, email_address, gender, birthday, course_code, status, cellno) VALUES 
(20234006, 'Gonzales', 'Luz', '303 Katipunan St', 'luz.gonzales@example.com', 'F', TO_DATE('2000-11-07', 'YYYY-MM-DD'), 'BSBAHRM', 'A', '09221234567');

INSERT INTO STUDENT (student_no, lastname, firstname, address, email_address, gender, birthday, course_code, status, cellno) VALUES 
(20234007, 'Mercado', 'Ramon', '404 Tandang Sora St', 'ramon.mercado@example.com', 'M', TO_DATE('1999-05-23', 'YYYY-MM-DD'), 'BSCE', 'A', '09231234567');

INSERT INTO STUDENT (student_no, lastname, firstname, address, email_address, gender, birthday, course_code, status, cellno) VALUES 
(20234008, 'Ramos', 'Elena', '505 Macapagal St', 'elena.ramos@example.com', 'F', TO_DATE('2001-08-12', 'YYYY-MM-DD'), 'BSCHE', 'A', '09241234567');

INSERT INTO STUDENT (student_no, lastname, firstname, address, email_address, gender, birthday, course_code, status, cellno) VALUES 
(20234009, 'Agustin', 'Manuel', '606 Quirino St', 'manuel.agustin@example.com', 'M', TO_DATE('2001-04-30', 'YYYY-MM-DD'), 'BSME', 'A', '09251234567');

INSERT INTO STUDENT (student_no, lastname, firstname, address, email_address, gender, birthday, course_code, status, cellno) VALUES 
(20234010, 'Rivera', 'Carmen', '707 Mabuhay St', 'carmen.rivera@example.com', 'F', TO_DATE('1998-09-09', 'YYYY-MM-DD'), 'BSIT', 'A', '09261234567');

INSERT INTO STUDENT (student_no, lastname, firstname, address, email_address, gender, birthday, course_code, status, cellno) VALUES 
(20234011, 'Delos Santos', 'Mark', '808 Luna St', 'mark.delossantos@example.com', 'M', TO_DATE('2000-07-17', 'YYYY-MM-DD'), 'BSACCTG', 'A', '09271234567');

INSERT INTO STUDENT (student_no, lastname, firstname, address, email_address, gender, birthday, course_code, status, cellno) VALUES 
(20234012, 'Diaz', 'Gloria', '909 Kalayaan St', 'gloria.diaz@example.com', 'F', TO_DATE('1999-11-26', 'YYYY-MM-DD'), 'BSBAFM', 'A', '09281234567');

INSERT INTO STUDENT (student_no, lastname, firstname, address, email_address, gender, birthday, course_code, status, cellno) VALUES 
(20234013, 'Aquino', 'Emilio', '1010 Magsaysay St', 'emilio.aquino@example.com', 'M', TO_DATE('2001-02-18', 'YYYY-MM-DD'), 'BSCS', 'A', '09291234567');

INSERT INTO STUDENT (student_no, lastname, firstname, address, email_address, gender, birthday, course_code, status, cellno) VALUES 
(20234014, 'Castro', 'Rosa', '1111 Laurel St', 'rosa.castro@example.com', 'F', TO_DATE('2000-10-05', 'YYYY-MM-DD'), 'BSN', 'A', '09301234567');

INSERT INTO STUDENT (student_no, lastname, firstname, address, email_address, gender, birthday, course_code, status, cellno) VALUES 
(20234015, 'Torres', 'Luis', '1212 Osmeña St', 'luis.torres@example.com', 'M', TO_DATE('1998-03-11', 'YYYY-MM-DD'), 'BSCE', 'A', '09311234567');

INSERT INTO STUDENT (student_no, lastname, firstname, address, email_address, gender, birthday, course_code, status, cellno) VALUES 
(20234016, 'Flores', 'Isabel', '1313 Roxas St', 'isabel.flores@example.com', 'F', TO_DATE('2001-09-22', 'YYYY-MM-DD'), 'BSECE', 'A', '09321234567');

INSERT INTO STUDENT (student_no, lastname, firstname, address, email_address, gender, birthday, course_code, status, cellno) VALUES 
(20234017, 'Garcia', 'Victor', '1414 Quezon St', 'victor.garcia@example.com', 'M', TO_DATE('1999-06-29', 'YYYY-MM-DD'), 'BSME', 'A', '09331234567');

INSERT INTO STUDENT (student_no, lastname, firstname, address, email_address, gender, birthday, course_code, status, cellno) VALUES 
(20234018, 'Navarro', 'Teresa', '1515 Marcos St', 'teresa.navarro@example.com', 'F', TO_DATE('2000-12-08', 'YYYY-MM-DD'), 'BSCHE', 'A', '09341234567');

INSERT INTO STUDENT (student_no, lastname, firstname, address, email_address, gender, birthday, course_code, status, cellno) VALUES 
(20234019, 'Mendoza', 'Francisco', '1616 Abad St', 'francisco.mendoza@example.com', 'M', TO_DATE('1999-08-19', 'YYYY-MM-DD'), 'BSCS', 'A', '09351234567');

INSERT INTO STUDENT (student_no, lastname, firstname, address, email_address, gender, birthday, course_code, status, cellno) VALUES 
(20234020, 'Velasquez', 'Amelia', '1717 Abad Santos St', 'amelia.velasquez@example.com', 'F', TO_DATE('2001-05-03', 'YYYY-MM-DD'), 'BSIT', 'A', '09361234567');


-- 2. Insert all the courses in PLM to COURSE table.
-- College of Architecture and Sustainable Built Environments (CASBE)
INSERT INTO PLM_INFO_SYSTEM.COURSE (course_code, description, status, college_code) VALUES
('BSARCH', 'Bachelor of Science in Architecture', 'A', 'CASBE');

-- College of Business and Government Management (CBGM)
INSERT INTO PLM_INFO_SYSTEM.COURSE (course_code, description, status, college_code) 
VALUES ('BSACCTG', 'Bachelor of Science in Accountancy', 'A', 'CBGM');

INSERT INTO PLM_INFO_SYSTEM.COURSE (course_code, description, status, college_code) 
VALUES ('BSBAFM', 'Bachelor of Science in Business Administration - Major in Financial Management', 'A', 'CBGM');

INSERT INTO PLM_INFO_SYSTEM.COURSE (course_code, description, status, college_code) 
VALUES ('BSBAHRM', 'Bachelor of Science in Business Administration - Major in Human Resource Management', 'A', 'CBGM');

INSERT INTO PLM_INFO_SYSTEM.COURSE (course_code, description, status, college_code) 
VALUES ('BSBAOM', 'Bachelor of Science in Business Administration - Major in Operations Management', 'A', 'CBGM');

INSERT INTO PLM_INFO_SYSTEM.COURSE (course_code, description, status, college_code) 
VALUES ('BSBAMM', 'Bachelor of Science in Business Administration - Major in Marketing Management', 'A', 'CBGM');

INSERT INTO PLM_INFO_SYSTEM.COURSE (course_code, description, status, college_code) 
VALUES ('BSBE', 'Bachelor of Science in Business Economics', 'A', 'CBGM');

INSERT INTO PLM_INFO_SYSTEM.COURSE (course_code, description, status, college_code) 
VALUES ('BSENTRE', 'Bachelor of Science in Entrepreneurship', 'A', 'CBGM');

INSERT INTO PLM_INFO_SYSTEM.COURSE (course_code, description, status, college_code) 
VALUES ('BSHM', 'Bachelor of Science in Hospitality Management', 'A', 'CBGM');

INSERT INTO PLM_INFO_SYSTEM.COURSE (course_code, description, status, college_code) 
VALUES ('BSTM', 'Bachelor of Science in Tourism Management', 'A', 'CBGM');

INSERT INTO PLM_INFO_SYSTEM.COURSE (course_code, description, status, college_code) 
VALUES ('BREM', 'Bachelor in Real Estate Management', 'A', 'CBGM');

-- College of Education (CEd)
INSERT INTO PLM_INFO_SYSTEM.COURSE (course_code, description, status, college_code) 
VALUES ('BEEdPSE', 'Bachelor of Elementary Education - with specialization in Pre-School Education', 'A', 'CEd');

INSERT INTO PLM_INFO_SYSTEM.COURSE (course_code, description, status, college_code) 
VALUES ('BPESPE', 'Bachelor of Physical Education - Major in School Physical Education', 'A', 'CEd');

INSERT INTO PLM_INFO_SYSTEM.COURSE (course_code, description, status, college_code) 
VALUES ('BSEBS', 'Bachelor of Secondary Education - with specialization in Biological Sciences', 'A', 'CEd');

INSERT INTO PLM_INFO_SYSTEM.COURSE (course_code, description, status, college_code) 
VALUES ('BSEdEng', 'Bachelor of Secondary Education - with specialization in English', 'A', 'CEd');

INSERT INTO PLM_INFO_SYSTEM.COURSE (course_code, description, status, college_code) 
VALUES ('BSEdFil', 'Bachelor of Secondary Education - with specialization in Filipino', 'A', 'CEd');

INSERT INTO PLM_INFO_SYSTEM.COURSE (course_code, description, status, college_code) 
VALUES ('BSEdMath', 'Bachelor of Secondary Education - with specialization in Mathematics', 'A', 'CEd');

INSERT INTO PLM_INFO_SYSTEM.COURSE (course_code, description, status, college_code) 
VALUES ('BSEdSS', 'Bachelor of Secondary Education - with specialization in Social Studies', 'A', 'CEd');

-- College of Engineering and Technology (CET)
INSERT INTO PLM_INFO_SYSTEM.COURSE (course_code, description, status, college_code) 
VALUES ('BSCHE', 'Bachelor of Science in Chemical Engineering', 'A', 'CET');

INSERT INTO PLM_INFO_SYSTEM.COURSE (course_code, description, status, college_code) 
VALUES ('BSCE', 'Bachelor of Science in Civil Engineering', 'A', 'CET');

INSERT INTO PLM_INFO_SYSTEM.COURSE (course_code, description, status, college_code) 
VALUES ('BSCpE', 'Bachelor of Science in Computer Engineering', 'A', 'CET');

INSERT INTO PLM_INFO_SYSTEM.COURSE (course_code, description, status, college_code) 
VALUES ('BSEE', 'Bachelor of Science in Electrical Engineering', 'A', 'CET');

INSERT INTO PLM_INFO_SYSTEM.COURSE (course_code, description, status, college_code) 
VALUES ('BSECE', 'Bachelor of Science in Electronics Engineering', 'A', 'CET');

INSERT INTO PLM_INFO_SYSTEM.COURSE (course_code, description, status, college_code) 
VALUES ('BSMFGE', 'Bachelor of Science in Manufacturing Engineering', 'A', 'CET');

INSERT INTO PLM_INFO_SYSTEM.COURSE (course_code, description, status, college_code) 
VALUES ('BSME', 'Bachelor of Science in Mechanical Engineering', 'A', 'CET');

-- College of Humanities, Arts, and Social Sciences (CHASS)
INSERT INTO PLM_INFO_SYSTEM.COURSE (course_code, description, status, college_code) 
VALUES ('BAC', 'Bachelor of Arts in Communication', 'A', 'CHASS');

INSERT INTO PLM_INFO_SYSTEM.COURSE (course_code, description, status, college_code) 
VALUES ('BACPR', 'Bachelor of Arts in Communication - Major in Public Relations', 'A', 'CHASS');

INSERT INTO PLM_INFO_SYSTEM.COURSE (course_code, description, status, college_code) 
VALUES ('BSSW', 'Bachelor of Science in Social Work', 'A', 'CHASS');

-- College of Information Systems and Technology Management (CISTM)
INSERT INTO PLM_INFO_SYSTEM.COURSE (course_code, description, status, college_code) 
VALUES ('BSCS', 'Bachelor of Science in Computer Science', 'A', 'CISTM');

INSERT INTO PLM_INFO_SYSTEM.COURSE (course_code, description, status, college_code) 
VALUES ('BSIT', 'Bachelor of Science in Information Technology', 'A', 'CISTM');

-- College of Law (CL)
INSERT INTO PLM_INFO_SYSTEM.COURSE (course_code, description, status, college_code) 
VALUES ('JD', 'Juris Doctor', 'A', 'CL');

-- College of Medicine (CM)
INSERT INTO PLM_INFO_SYSTEM.COURSE (course_code, description, status, college_code) 
VALUES ('MD', 'Doctor of Medicine', 'A', 'CM');

-- College of Nursing (CN)
INSERT INTO PLM_INFO_SYSTEM.COURSE (course_code, description, status, college_code) 
VALUES ('BSN', 'Bachelor of Science in Nursing', 'A', 'CN');

-- College of Physical Therapy (CPT)
INSERT INTO PLM_INFO_SYSTEM.COURSE (course_code, description, status, college_code) 
VALUES ('BSPT', 'Bachelor of Science in Physical Therapy', 'A', 'CPT');


-- College of Public Administration (CPA)
INSERT INTO PLM_INFO_SYSTEM.COURSE (course_code, description, status, college_code) 
VALUES ('BPA', 'Bachelor of Public Administration', 'A', 'CPA');

-- College of Science (CS)
INSERT INTO PLM_INFO_SYSTEM.COURSE (course_code, description, status, college_code) 
VALUES ('BSBio', 'Bachelor of Science in Biology', 'A', 'CS');

INSERT INTO PLM_INFO_SYSTEM.COURSE (course_code, description, status, college_code) 
VALUES ('BSChem', 'Bachelor of Science in Chemistry', 'A', 'CS');

INSERT INTO PLM_INFO_SYSTEM.COURSE (course_code, description, status, college_code) 
VALUES ('BSMath', 'Bachelor of Science in Mathematics', 'A', 'CS');

INSERT INTO PLM_INFO_SYSTEM.COURSE (course_code, description, status, college_code) 
VALUES ('BSPsy', 'Bachelor of Science in Psychology', 'A', 'CS');

-- 3. Insert all the colleges in PLM to COLLEGE table.
INSERT INTO PLM_INFO_SYSTEM.COLLEGE (college_code, description, status) VALUES 
('CAUP', 'College of Architecture and Urban Planning', 'A');

INSERT INTO PLM_INFO_SYSTEM.COLLEGE (college_code, description, status) VALUES 
('CASBE', 'College of Architecture and Sustainable Built Environments', 'A');

INSERT INTO PLM_INFO_SYSTEM.COLLEGE (college_code, description, status) VALUES 
('CBGM', 'College of Business and Government Management', 'A');

INSERT INTO PLM_INFO_SYSTEM.COLLEGE (college_code, description, status) VALUES 
('CEd', 'College of Education', 'A');

INSERT INTO PLM_INFO_SYSTEM.COLLEGE (college_code, description, status) VALUES 
('CET', 'College of Engineering and Technology', 'A');

INSERT INTO PLM_INFO_SYSTEM.COLLEGE (college_code, description, status) VALUES 
('CHASS', 'College of Humanities, Arts and Social Sciences', 'A');

INSERT INTO PLM_INFO_SYSTEM.COLLEGE (college_code, description, status) VALUES 
('CISTM', 'College of Information Systems and Technology Management', 'A');

INSERT INTO PLM_INFO_SYSTEM.COLLEGE (college_code, description, status) VALUES 
('CL', 'College of Law', 'A');

INSERT INTO PLM_INFO_SYSTEM.COLLEGE (college_code, description, status) VALUES 
('CM', 'College of Medicine', 'A');

INSERT INTO PLM_INFO_SYSTEM.COLLEGE (college_code, description, status) VALUES 
('CN', 'College of Nursing', 'A');

INSERT INTO PLM_INFO_SYSTEM.COLLEGE (college_code, description, status) VALUES 
('CPA', 'College of Public Administration', 'A');

INSERT INTO PLM_INFO_SYSTEM.COLLEGE (college_code, description, status) VALUES 
('CPT', 'College of Physical Therapy', 'A');

INSERT INTO PLM_INFO_SYSTEM.COLLEGE (college_code, description, status) VALUES 
('CS', 'College of Science', 'A');

-- Insert at least 5 teachers into the FACULTY table
INSERT INTO PLM_INFO_SYSTEM.FACULTY (faculty_no, lastname, firstname, address, email_address, gender, birthday, college_code, status) VALUES 
(1, 'Agriz', 'Vanessa', '222 Bonifacio St', 'vanessa.agriz@example.com', 'F', TO_DATE('1979-03-15', 'YYYY-MM-DD'), 'CHASS', 'A');

INSERT INTO PLM_INFO_SYSTEM.FACULTY (faculty_no, lastname, firstname, address, email_address, gender, birthday, college_code, status) VALUES 
(2, 'Atienza', 'Francis', '789 Muralla St', 'francis.atienza@example.com', 'M', TO_DATE('1995-02-14', 'YYYY-MM-DD'), 'CISTM', 'A');

INSERT INTO PLM_INFO_SYSTEM.FACULTY (faculty_no, lastname, firstname, address, email_address, gender, birthday, college_code, status) VALUES 
(3, 'Demegillo', 'Shiela', '321 Mabini St', 'shiela.demegillo@example.com', 'F', TO_DATE('1987-05-30', 'YYYY-MM-DD'), 'CET', 'A');

INSERT INTO PLM_INFO_SYSTEM.FACULTY (faculty_no, lastname, firstname, address, email_address, gender, birthday, college_code, status) VALUES 
(4, 'Dioses', 'Raymund', '654 Taft Ave', 'raymund.dioses@example.com', 'M', TO_DATE('1982-08-20', 'YYYY-MM-DD'), 'CISTM', 'A');

INSERT INTO PLM_INFO_SYSTEM.FACULTY (faculty_no, lastname, firstname, address, email_address, gender, birthday, college_code, status) VALUES 
(5, 'Pascual', 'Elsa', '456 Rizal Ave', 'elsa.pascual@example.com', 'F', TO_DATE('1984-11-15', 'YYYY-MM-DD'), 'CET', 'A');


-- 5. Insert all your subjects from 1st year to 2nd year to SUBJECT table.
INSERT INTO PLM_INFO_SYSTEM.SUBJECT (subject_code, description, units, lec_lab, college_code, status) VALUES 
-- 1st Year Subjects
('CSC 0102', 'Discrete Structures 1', 3, 'Lecture', 'CISTM', 'A');

INSERT INTO PLM_INFO_SYSTEM.SUBJECT (subject_code, description, units, lec_lab, college_code, status) VALUES 
('CSC 0211', 'Discrete Structures 2', 3, 'Lecture', 'CISTM', 'A');

INSERT INTO PLM_INFO_SYSTEM.SUBJECT (subject_code, description, units, lec_lab, college_code, status) VALUES 
('CSC 0223', 'Human Computer Interaction', 3, 'Lecture', 'CISTM', 'A');

INSERT INTO PLM_INFO_SYSTEM.SUBJECT (subject_code, description, units, lec_lab, college_code, status) VALUES 
('ICC 0101', 'Introduction to Computing', 2, 'Lecture', 'CISTM', 'A');

INSERT INTO PLM_INFO_SYSTEM.SUBJECT (subject_code, description, units, lec_lab, college_code, status) VALUES 
('ICC 0101.1-2', 'Introduction to Computing', 1, 'Laboratory', 'CISTM', 'A');

INSERT INTO PLM_INFO_SYSTEM.SUBJECT (subject_code, description, units, lec_lab, college_code, status) VALUES 
('ICC 0102-2', 'Fundamentals of Programming', 2, 'Lecture', 'CISTM', 'A');

INSERT INTO PLM_INFO_SYSTEM.SUBJECT (subject_code, description, units, lec_lab, college_code, status) VALUES 
('ICC 0102.1-2', 'Fundamentals of Programming', 1, 'Laboratory', 'CISTM', 'A');

INSERT INTO PLM_INFO_SYSTEM.SUBJECT (subject_code, description, units, lec_lab, college_code, status) VALUES 
('ICC 0103-2', 'Intermediate Programming', 2, 'Lecture', 'CISTM', 'A');

INSERT INTO PLM_INFO_SYSTEM.SUBJECT (subject_code, description, units, lec_lab, college_code, status) VALUES 
('ICC 0103.1-2', 'Intermediate Programming', 1, 'Laboratory', 'CISTM', 'A');

INSERT INTO PLM_INFO_SYSTEM.SUBJECT (subject_code, description, units, lec_lab, college_code, status) VALUES 
('ICC 0104-1', 'Data Structures and Algorithms', 2, 'Lecture', 'CISTM', 'A');

INSERT INTO PLM_INFO_SYSTEM.SUBJECT (subject_code, description, units, lec_lab, college_code, status) VALUES 
('ICC 0104.1-1', 'Data Structures and Algorithms', 1, 'Laboratory', 'CISTM', 'A');

INSERT INTO PLM_INFO_SYSTEM.SUBJECT (subject_code, description, units, lec_lab, college_code, status) VALUES 
('IPP 0010-24', 'Interdisiplinaryong Pagbasa at Pagsulat Tungo sa Mabisang Pagpapahayag', 3, 'Lecture', 'CHASS', 'A');

INSERT INTO PLM_INFO_SYSTEM.SUBJECT (subject_code, description, units, lec_lab, college_code, status) VALUES 
('LWR 0009-18', 'Life and Works of Rizal', 3, 'Lecture', 'CHASS', 'A');

INSERT INTO PLM_INFO_SYSTEM.SUBJECT (subject_code, description, units, lec_lab, college_code, status) VALUES 
('MMW 0001-15', 'Mathematics in the Modern World', 3, 'Lecture', 'CEd', 'A');

INSERT INTO PLM_INFO_SYSTEM.SUBJECT (subject_code, description, units, lec_lab, college_code, status) VALUES 
('NSTP3-11', 'National Service Training Program 1 (Civic Welfare Training Service 1)', 3, 'Lecture', 'CPA', 'A');

INSERT INTO PLM_INFO_SYSTEM.SUBJECT (subject_code, description, units, lec_lab, college_code, status) VALUES 
('NSTP4-22', 'National Service Training Program 2 (Civic Welfare Training Service 2)', 3, 'Lecture', 'CPA', 'A');

INSERT INTO PLM_INFO_SYSTEM.SUBJECT (subject_code, description, units, lec_lab, college_code, status) VALUES 
('PATHFIT 1-1', 'Physical Activities Towards Health and Fitness 1 (Movement Competency Training)', 2, 'Lecture', 'CEd', 'A');

INSERT INTO PLM_INFO_SYSTEM.SUBJECT (subject_code, description, units, lec_lab, college_code, status) VALUES 
('PATHFIT 2-24', 'Physical Activities Towards Health and Fitness 2 (Exercise-based Fitness Activities)', 2, 'Lecture', 'CEd', 'A');

INSERT INTO PLM_INFO_SYSTEM.SUBJECT (subject_code, description, units, lec_lab, college_code, status) VALUES 
('PCM 0006-30', 'Purposive Communication', 3, 'Lecture', 'CHASS', 'A');

INSERT INTO PLM_INFO_SYSTEM.SUBJECT (subject_code, description, units, lec_lab, college_code, status) VALUES 
('RPH 0004-10', 'Readings in Philippine History', 3, 'Lecture', 'CHASS', 'A');

INSERT INTO PLM_INFO_SYSTEM.SUBJECT (subject_code, description, units, lec_lab, college_code, status) VALUES 
('STS 0002-13', 'Science, Technology, and Society', 3, 'Lecture', 'CS', 'A');

INSERT INTO PLM_INFO_SYSTEM.SUBJECT (subject_code, description, units, lec_lab, college_code, status) VALUES 
('TCW 0005-17', 'The Contemporary World', 3, 'Lecture', 'CHASS', 'A');

-- 2nd Year Subjects
INSERT INTO PLM_INFO_SYSTEM.SUBJECT (subject_code, description, units, lec_lab, college_code, status) VALUES 
('CSC 0212', 'Object-Oriented Programming', 2, 'Lecture', 'CISTM', 'A');

INSERT INTO PLM_INFO_SYSTEM.SUBJECT (subject_code, description, units, lec_lab, college_code, status) VALUES 
('CSC 0212.1', 'Object-Oriented Programming (Lab)', 1, 'Laboratory', 'CISTM', 'A');

INSERT INTO PLM_INFO_SYSTEM.SUBJECT (subject_code, description, units, lec_lab, college_code, status) VALUES 
('CSC 0213', 'Logic Design and Digital Computer Circuits', 2, 'Lecture', 'CISTM', 'A');

INSERT INTO PLM_INFO_SYSTEM.SUBJECT (subject_code, description, units, lec_lab, college_code, status) VALUES 
('CSC 0213.1', 'Logic Design and Digital Computer Circuits (Lab)', 1, 'Laboratory', 'CISTM', 'A');

INSERT INTO PLM_INFO_SYSTEM.SUBJECT (subject_code, description, units, lec_lab, college_code, status) VALUES 
('CSC 0224', 'Operation Research', 3, 'Lecture', 'CISTM', 'A');

INSERT INTO PLM_INFO_SYSTEM.SUBJECT (subject_code, description, units, lec_lab, college_code, status) VALUES 
('ETH 0008', 'Ethics', 3, 'Lecture', 'CHASS', 'A');

INSERT INTO PLM_INFO_SYSTEM.SUBJECT (subject_code, description, units, lec_lab, college_code, status) VALUES 
('ICC 0105', 'Information Management', 2, 'Lecture', 'CISTM', 'A');

INSERT INTO PLM_INFO_SYSTEM.SUBJECT (subject_code, description, units, lec_lab, college_code, status) VALUES 
('ICC 0105.1', 'Information Management (Lab)', 1, 'Laboratory', 'CISTM', 'A');

INSERT INTO PLM_INFO_SYSTEM.SUBJECT (subject_code, description, units, lec_lab, college_code, status) VALUES 
('ITE 0001', 'Living in the IT Era', 3, 'Lecture', 'CISTM', 'A');

INSERT INTO PLM_INFO_SYSTEM.SUBJECT (subject_code, description, units, lec_lab, college_code, status) VALUES 
('PATHFIT 304', 'Basketball', 2, 'Lecture', 'CEd', 'A');

INSERT INTO PLM_INFO_SYSTEM.SUBJECT (subject_code, description, units, lec_lab, college_code, status) VALUES 
('UTS 0003', 'Understanding the Self', 3, 'Lecture', 'CS', 'A');



-- 6. Update all status of table FACULTY from 'A' to 'Y' if college_code = 'CET'.
UPDATE PLM_INFO_SYSTEM.FACULTY
SET status = 'Y'
WHERE college_code = 'CET';

-- 7. Update all status of table STUDENT from 'A' to 'Y' if course_code = 'BSN' or course_code = 'BSCoE'. (There are no employee tables)
UPDATE PLM_INFO_SYSTEM.STUDENT
SET status = 'Y'
WHERE course_code IN ('BSN', 'BSCoE');

-- 8. Delete all records of table COURSE whose status is not equal to 'A'.
DELETE FROM PLM_INFO_SYSTEM.COURSE
WHERE status != 'A';

-- 9. Delete all records of table STUDENT whose gender is not 'M' or 'F'.
DELETE FROM PLM_INFO_SYSTEM.STUDENT
WHERE gender NOT IN ('M', 'F');

COMMIT;